{

	"metadata" :
	{
		"formatVersion" : 3.1,
		"generatedBy"   : "Blender 2.66 Exporter",
		"vertices"      : 26,
		"faces"         : 32,
		"normals"       : 26,
		"colors"        : 0,
		"uvs"           : [57],
		"materials"     : 1,
		"morphTargets"  : 0,
		"bones"         : 0
	},

	"scale" : 1.000000,

	"materials" : [	{
		"DbgColor" : 15658734,
		"DbgIndex" : 0,
		"DbgName" : "mat0",
		"blending" : "NormalBlending",
		"colorAmbient" : [0.6400000190734865, 0.6400000190734865, 0.6400000190734865],
		"colorDiffuse" : [0.6400000190734865, 0.6400000190734865, 0.6400000190734865],
		"colorSpecular" : [0.5, 0.5, 0.5],
		"depthTest" : true,
		"depthWrite" : true,
		"mapDiffuse" : "omt.jpg",
		"mapDiffuseWrap" : ["repeat", "repeat"],
		"shading" : "Lambert",
		"specularCoef" : 50,
		"transparency" : 1.0,
		"transparent" : false,
		"vertexColors" : false
	}],

	"vertices" : [-0.617742,0.655247,-0.0104029,-0.853596,0.318032,-0.0197639,-0.727552,-0.0105392,-0.074058,-0.44503,0.655247,-0.533567,-0.611512,0.318032,-0.753068,-0.520445,-0.0105392,-0.70141,-0.0280681,0.655247,-0.750269,-0.0270672,0.318032,-1.05681,-0.0204447,0.0727299,-0.961268,0.388894,0.655247,-0.533567,0.557377,0.318032,-0.753068,0.479555,0.0902165,-0.70141,0.561606,0.655247,-0.0104027,0.799462,0.318032,-0.0197637,0.686662,0.0936751,-0.0740578,0.388894,0.655247,0.512762,0.557377,0.318032,0.713541,0.479555,-0.0105391,0.553294,-0.0204448,-0.0657478,-0.074058,-0.0280683,0.655247,0.729463,-0.0270675,0.318032,1.01729,-0.020445,-0.0105391,0.813152,-0.0280682,0.850891,-0.0104028,-0.445031,0.655247,0.512761,-0.611512,0.318032,0.71354,-0.520445,-0.0105391,0.553294],

	"morphTargets" : [],

	"normals" : [-0.660817,-0.750206,-0.021149,-0.993835,0.109958,0.013092,-0.745994,0.158147,-0.64687,-0.474746,-0.743706,-0.470595,-0.635395,0.772149,0.002686,-0.472671,0.794641,-0.380902,0.001129,0.17008,-0.985412,0.041292,-0.693289,-0.719443,-0.000427,0.817347,-0.576128,0.471328,0.795648,-0.380413,0.751305,0.132878,-0.646382,0.532334,-0.713218,-0.455916,0.995697,0.091739,0.012391,0.695425,-0.715934,-0.061464,0.633717,0.773522,0.002655,0.475448,0.788659,0.389782,0.742729,0.070559,0.665822,0.507614,-0.789331,0.345286,-0.000427,0.806757,0.590838,-0.001923,0.064821,0.997894,0.003723,-0.799097,0.601154,-0.476791,0.787622,0.39024,-0.740928,0.072329,0.667653,-0.491226,-0.782586,0.382366,0.061861,-0.997162,-0.042177,0,1,0],

	"colors" : [],

	"uvs" : [[0.415038,0.723415,0.287057,0.750566,0.286468,0.558679,0.414535,0.559253,0.178748,0.725611,0.178328,0.588712,0.318155,0.422895,0.411005,0.443182,0.467538,0.782277,0.415038,0.64907,0.512815,0.605387,0.604589,0.721047,0.601916,0.501452,0.729478,0.575364,0.666293,0.759857,0.768708,0.631426,0.771659,0.417786,0.859082,0.398148,0.901172,0.539052,0.808906,0.538334,0.630146,0.398148,0.769048,0.430567,1,0.566519,0.997873,0.703313,0.898191,0.730791,0.769048,0.702256,0.097648,0.422895,0.093821,0.328982,0.226471,0.320846,0.283579,0.411492,0.173011,0.849904,0.046959,0.886152,0,0.750322,0.132836,0.733699,0.320259,0.22112,0.415038,0.271709,0.000589,0.558435,0.13334,0.569537,0.61543,0.195599,0.812271,0.115969,0.812707,0.279473,0.320245,0.088221,0.141812,0.147265,0.226437,0,0.695668,0.397763,0.093788,0.008135,0.448449,0.460049,0.531373,0.398148,0.415038,0.282504,0,0.107862,1.4e-05,0.240761,0.416326,0.115468,0.531987,0,0.695993,0.000208,0.415019,0.085428,0.04838,0.422895,0.174226,0.453582]],

	"faces" : [43,2,1,4,5,0,0,1,2,3,0,1,2,3,43,1,0,3,4,0,1,4,5,2,1,4,5,2,43,5,4,7,8,0,3,2,6,7,3,2,6,7,43,4,3,6,7,0,8,9,10,11,2,5,8,6,43,7,6,9,10,0,11,10,12,13,6,8,9,10,43,8,7,10,11,0,14,11,13,15,7,6,10,11,43,11,10,13,14,0,16,17,18,19,11,10,12,13,43,10,9,12,13,0,13,12,20,21,10,9,14,12,43,13,12,15,16,0,18,22,23,24,12,14,15,16,43,14,13,16,17,0,19,18,24,25,13,12,16,17,43,16,15,19,20,0,26,27,28,29,16,15,18,19,43,17,16,20,21,0,30,31,32,33,17,16,19,20,43,20,19,23,24,0,29,28,34,35,19,18,21,22,43,21,20,24,25,0,33,32,36,37,20,19,22,23,42,18,2,5,0,38,39,40,24,0,3,42,0,22,3,0,41,42,43,4,25,5,42,18,5,8,0,38,40,44,24,3,7,42,3,22,6,0,43,42,45,5,25,8,42,6,22,9,0,10,46,12,8,25,9,42,18,8,11,0,38,44,47,24,7,11,42,18,11,14,0,38,47,48,24,11,13,42,9,22,12,0,49,42,50,9,25,14,42,18,14,17,0,38,48,51,24,13,17,42,12,22,15,0,50,42,27,14,25,15,42,18,17,21,0,38,51,52,24,17,20,42,15,22,19,0,27,42,28,15,25,18,42,18,21,25,0,38,52,53,24,20,23,42,19,22,23,0,28,42,34,18,25,21,42,18,25,2,0,38,53,39,24,23,0,42,22,0,23,0,42,41,34,25,4,21,43,0,1,24,23,0,41,54,35,34,4,1,22,21,43,25,24,1,2,0,37,36,55,56,23,22,1,0],

	"bones" : [],

	"skinIndices" : [],

	"skinWeights" : [],

	"animation" : {}


}
